measurement,measurement_2,class
107396,87135,zero
68282,42500,zero
81563,49427,zero
77709,39010,zero
107969,56823,zero
68594,40209,zero
82032,51719,zero
89114,54531,zero
82344,47136,zero
106823,55208,zero
66146,47396,zero
81198,47604,zero
82083,47865,zero
71093,46458,zero
74219,49323,zero
80989,45261,zero
78750,50209,zero
87709,52865,zero
103750,66302,zero
83125,21042,zero
91459,55156,zero
65208,53281,zero
90469,56302,zero
67552,45157,zero
103073,50208,zero
78229,53125,zero
81563,38542,zero
113959,50469,zero
21771,82760,zero
67552,43542,zero
89063,55833,zero
81093,47239,zero
95834,66459,zero
72500,46406,zero
82083,48177,zero
72448,46667,zero
79896,51406,zero
78281,50312,zero
84011,46614,zero
128855,89063,zero
86042,45573,zero
67344,43020,zero
121094,76146,zero
91875,63959,zero
13281,39219,zero
65937,43177,zero
69271,46146,zero
72552,38386,zero
80313,45677,zero
120052,78542,zero
66250,43958,zero
95364,56093,zero
69323,88854,zero
73645,50833,zero
10677,42812,zero
73906,101563,zero
86355,55364,zero
83333,21355,zero
80208,49531,zero
88854,48386,zero
111198,44218,zero
83021,57135,zero
95157,41615,zero
89010,40833,zero
87552,54166,zero
94063,51667,zero
70625,46354,zero
109636,78541,zero
90833,49480,zero
89740,55520,zero
86771,53906,zero
76615,45781,zero
63698,42344,zero
72187,46302,zero
153541,55313,zero
79948,55468,zero
111823,53698,zero
78490,48490,zero
77813,45990,zero
65886,51666,zero
88750,47969,zero
74948,58385,zero
71458,46667,zero
95573,56094,zero
34896,35989,zero
85990,37760,zero
81563,49271,zero
87240,55312,zero
101823,46093,zero
74375,39948,zero
74895,50416,zero
72083,47396,zero
82187,46354,zero
71667,39844,zero
95729,45052,zero
165521,54063,zero
90156,56771,zero
85730,61042,zero
123177,86459,zero
82136,21407,zero
88177,60625,zero
87292,56823,zero
93854,51459,zero
91406,48750,zero
95677,53542,zero
88334,54636,zero
78229,46823,zero
95052,58646,zero
95312,54844,zero
95730,50989,zero
97813,54062,zero
116459,80573,zero
87447,55469,zero
81615,57136,zero
87344,52864,zero
88021,55520,zero
86718,39323,zero
88698,55052,zero
151667,56250,zero
16198,57136,zero
78437,49896,zero
110781,72240,zero
94896,54636,zero
89896,55782,zero
74739,46094,zero
87656,56823,zero
145625,118437,zero
86510,52604,zero
22188,53386,zero
105886,55312,zero
89479,64948,zero
98229,65260,zero
81094,53958,zero
93698,62865,zero
94114,56302,zero
96250,55990,zero
75468,20937,zero
86458,57292,zero
90729,56354,zero
91406,54167,zero
103229,67396,zero
95469,55052,zero
103906,59844,zero
90625,56250,zero
105260,53750,zero
88177,65313,zero
92864,53854,zero
9583,460260,zero
83282,54063,zero
92135,55781,zero
123854,91510,zero
119948,82812,zero
88229,62552,zero
86042,64166,zero
89584,54635,zero
85417,54114,zero
93854,56198,zero
82865,56615,zero
9947,57083,zero
90417,60677,zero
100156,59375,zero
84688,57760,zero
91823,57344,zero
87188,44115,zero
84896,57604,zero
105364,71979,zero
84792,48750,zero
94739,56145,zero
93385,63333,zero
90573,56927,zero
163854,120000,zero
97812,64739,zero
82656,54583,zero
128386,102812,zero
86719,21406,zero
87084,55938,zero
72969,47344,zero
95625,420885,zero
86718,62916,zero
91510,58802,zero
97239,48230,zero
94896,58646,zero
83281,59948,zero
87656,48803,zero
98697,64063,zero
116979,47969,zero
92864,56563,zero
79843,55157,zero
88542,54791,zero
83021,62552,zero
74114,49010,one
57292,26563,one
25000,23334,one
60469,33646,one
66666,32552,one
56354,22292,one
75677,26406,one
44219,27084,one
58750,31354,one
73489,38021,one
56198,23489,one
65156,21666,one
54427,28490,one
48073,28229,one
58229,22969,one
55365,22396,one
54062,23698,one
56302,22657,one
52396,29896,one
57240,28802,one
60156,28750,one
74583,33646,one
43750,26927,one
68177,32292,one
53958,28490,one
61406,22500,one
70313,44114,one
50469,23802,one
56666,22500,one
62812,21250,one
64635,31458,one
58177,31094,one
10989,33385,one
57709,21354,one
63125,23438,one
81198,53646,one
54323,23593,one
57552,32344,one
69792,23438,one
70521,30938,one
54323,20521,one
65000,29843,one
69792,43958,one
157917,92500,one
61146,22084,one
50313,28281,one
24115,42187,one
80052,36927,one
59166,23750,one
55000,31822,one
54375,32032,one
79479,23177,one
46718,21145,one
53437,19583,one
51979,21407,one
58906,22604,one
59948,37917,one
50468,18541,one
53906,31407,one
63490,24895,one
41303,20469,one
54688,25208,one
52969,38385,one
62813,32604,one
61927,28958,one
25000,443125,one
49427,22240,one
67917,31823,one
98646,47760,one
54531,30052,one
86979,36875,one
52448,21198,one
73334,30886,one
11042,23802,one
68177,23230,one
46458,20520,one
60833,31303,one
47917,27917,one
49323,44844,one
142813,60104,one
22761,33229,one
60000,24011,one
10990,39532,one
65834,31198,one
57969,21823,one
52031,20209,one
55000,30053,one
65677,30729,one
65938,32552,one
55573,21979,one
63750,30313,one
75365,39844,one
68645,31823,one
63386,29323,one
69844,29895,one
55520,29583,one
60781,29948,one
63698,22812,one
10833,377656,one
64583,30938,one
55989,24479,one
98542,22032,one
70000,31094,one
61562,30677,one
62240,31146,one
55000,21979,one
66355,32136,one
62292,25625,one
60520,38021,one
62552,38646,one
99636,35886,one
61771,31302,one
9687,29531,one
56927,29166,one
64479,30365,one
64739,30261,one
53906,21979,one
65104,31354,one
65469,30469,one
144948,115521,one
51823,22083,one
62136,28438,one
74740,39688,one
70105,30417,one
55573,30469,one
20521,30417,one
48854,29062,one
61094,30000,one
58073,23438,one
77135,34062,one
70781,38125,one
64583,22552,one
55417,28490,one
67760,23333,one
68125,25365,one
59271,32291,one
70208,31979,one
73594,33698,one
56562,28542,one
57292,109843,one
72448,31146,one
78125,38541,one
77864,40573,one
71042,30937,one
74166,39792,one
64011,32552,one
63645,31406,one
65052,30521,one
64375,38125,one
53854,30416,one
64062,30416,one
63073,29791,one
65208,27604,one
65677,36302,one
65989,31041,one
66667,36927,one
56979,30209,one
68750,31250,one
63802,30729,one
61302,27604,one
53593,31197,one
82084,51979,one
63646,47031,one
52396,30521,one
23281,32812,one
71041,391146,one
155625,150833,one
58646,31614,one
63281,23542,one
66771,27136,one
56667,29114,one
55104,37604,one
57187,31719,one
60521,35469,one
28906,95521,one
62656,35782,one
79532,39844,one
63385,31666,one
65885,30052,one
55521,32969,one
62761,29947,one
47448,21250,one
65729,38645,one
74479,41719,one
57813,31250,one
65156,30573,one
62916,31563,one
63177,32865,one
62031,30416,one
58646,24271,one
70833,27604,one
57656,37396,one
65208,35729,two
79479,44428,two
80157,38333,two
140989,52083,two
111980,71042,two
142812,46979,two
86458,56146,two
81198,38750,two
78437,42760,two
61042,44375,two
70729,37448,two
70677,39271,two
70833,37553,two
58229,34532,two
71198,43958,two
71146,47343,two
79062,38958,two
82188,47031,two
71771,38646,two
86355,44322,two
11615,38907,two
82813,48021,two
71406,43854,two
75886,31511,two
85000,47917,two
69479,215417,two
67604,31511,two
66511,38855,two
70417,38073,two
79948,39636,two
73490,30364,two
73750,42448,two
59427,28072,two
67865,40416,two
74166,39948,two
72083,37657,two
72865,40678,two
79584,37709,two
70000,41771,two
86094,39688,two
56979,33542,two
156666,45989,two
74739,23438,two
75781,37760,two
78855,36146,two
97188,63854,two
108229,49948,two
77500,38594,two
24375,37396,two
77447,44740,two
99843,59323,two
82239,46823,two
75782,47083,two
73125,43177,two
85625,47239,two
79896,53021,two
73178,38906,two
70938,36719,two
73750,43490,two
93646,54323,two
79740,37396,two
75833,43386,two
72083,40625,two
80208,49375,two
110469,61719,two
82917,48645,two
63073,37136,two
80938,45833,two
68854,36250,two
74896,49115,two
67292,35833,two
61927,36980,two
80782,37656,two
75156,50000,two
71354,38021,two
70625,37448,two
108438,66875,two
75052,39688,two
78490,45885,two
94323,55261,two
63333,38646,two
12344,51354,two
79687,48489,two
76042,39948,two
71823,39948,two
70313,37500,two
83750,38385,two
70989,52344,two
71927,36771,two
91719,40105,two
69375,32135,two
78489,47969,two
39062,46093,two
109063,58594,two
77969,44219,two
51042,43281,two
79323,47084,two
106511,48333,two
84063,52239,two
73281,40416,two
80313,38489,two
83802,47344,two
76771,47136,two
78646,47605,two
84739,51615,two
22917,48437,two
22708,71354,two
85833,45260,two
83645,46354,two
80990,48958,two
80937,47708,two
90104,58125,two
103802,60573,two
79792,47396,two
83802,45781,two
74896,38125,two
100625,58333,two
84792,47292,two
78177,44687,two
80521,55677,two
85781,50312,two
16354,196719,two
88594,47812,two
24843,47292,two
82136,55677,two
77552,55104,two
85885,47864,two
175469,133438,two
86719,64479,two
165625,46458,two
96250,49375,two
88802,45468,two
79636,48073,two
91354,56042,two
89114,55468,two
87552,65365,two
75312,40000,two
72761,43125,two
86302,55834,two
86823,47448,two
76146,47240,two
76354,40417,two
86614,45469,two
92813,51094,two
86042,50781,two
121667,85417,two
67292,38333,two
83906,47761,two
86510,46927,two
91303,49062,two
81510,45469,two
79687,53855,two
84479,46510,two
21458,39739,two
86354,49375,two
86562,56667,two
99114,56354,two
73438,22553,two
10416,63646,two
106146,68490,two
79115,55677,two
100833,47709,two
82760,48541,two
87448,49167,two
83385,48646,two
94167,56198,two
87969,50261,two
82084,48281,two
81458,45156,two
89427,47395,two
93333,47343,two
89948,48490,two
91979,50365,two
79532,49375,two
98021,64948,two
83073,38177,two
79687,51927,two
89687,55104,two
95729,54844,two
84531,45989,two
89896,50573,two
101458,60938,two
103125,57969,two
121250,158073,two
93906,46094,two
91094,48490,two
80730,48020,two
94063,51250,two
88438,47031,two
95365,106510,two
83385,51250,three
79271,46823,three
27500,58177,three
73386,42656,three
90052,53490,three
103750,69115,three
115313,38906,three
88333,56094,three
95416,57708,three
71354,42969,three
71146,326875,three
67188,43073,three
73958,45573,three
78698,45989,three
70000,39011,three
88802,55417,three
90521,22917,three
72604,46667,three
84740,48594,three
93594,22083,three
73958,39531,three
125000,77553,three
112396,34375,three
70729,41719,three
113178,41510,three
101927,42396,three
82813,48229,three
21719,43698,three
87813,58906,three
81875,42448,three
118177,72395,three
21667,38229,three
85833,50834,three
90104,46042,three
86979,47291,three
93021,53438,three
100052,45625,three
99271,68021,three
92656,55312,three
77083,22760,three
88489,50365,three
76875,39896,three
96355,49166,three
74948,36146,three
100209,64792,three
104635,63072,three
89167,41407,three
74479,39948,three
89219,60416,three
66667,43021,three
72604,33542,three
86615,55209,three
89531,57760,three
82917,49948,three
107812,48959,three
77448,41094,three
93333,58490,three
82708,53333,three
146511,103645,three
123281,130052,three
72136,41146,three
76875,51354,three
93230,49895,three
94114,55729,three
84739,46667,three
71302,37083,three
90677,54323,three
84271,49584,three
24167,64427,three
109792,74896,three
71094,46198,three
82344,49375,three
86979,49948,three
73698,42865,three
80938,47864,three
116563,75468,three
81718,55937,three
141719,158906,three
76823,46667,three
82657,52396,three
85260,55521,three
76510,46042,three
21927,46197,three
72448,39115,three
86927,63073,three
78646,44375,three
80937,48958,three
81406,46198,three
97761,55521,three
125521,37240,three
81354,43646,three
73906,43698,three
71511,45469,three
82292,47343,three
186719,40052,three
94635,47864,three
97344,46875,three
101146,69062,three
99323,63177,three
101511,65000,three
89375,67656,three
98021,57500,three
92605,57500,three
104219,63125,three
97135,55572,three
90157,54740,three
101562,60469,three
170625,48489,three
11667,56510,three
216823,271771,three
93489,56823,three
95208,61667,three
92239,47448,three
93802,55678,three
91771,53855,three
90937,54739,three
93073,55104,three
78386,46354,three
96771,56302,three
98542,58594,three
97604,57604,three
92500,56146,three
96302,59427,three
93438,54740,three
92344,52135,three
26041,58698,three
91979,23282,three
84843,52761,three
73594,53438,three
99271,63750,three
96979,55833,three
92864,48177,three
22396,55886,three
98803,55729,three
138646,123698,three
99739,55781,three
95677,56458,three
95209,54635,three
93489,57395,three
77292,39115,three
130885,79740,three
99584,58907,three
99635,58906,three
13177,50156,three
102291,58177,three
91615,55313,three
70886,38177,three
105157,50677,three
94635,54375,three
129479,123646,three
73698,47343,three
91823,104375,three
77968,56094,three
88802,54062,three
95469,57083,three
90729,55104,three
86875,54635,three
117500,76719,three
86771,46302,three
99167,48333,three
108385,51667,three
92032,54010,three
98386,47969,three
93958,64010,three
101250,56250,three
96510,55677,three
17917,49583,three
121198,85208,three
77812,24740,three
102916,58125,three
52396,55104,three
104739,55678,three
95729,55312,three
90573,55313,three
107448,64219,three
89531,47969,three
98073,63021,three
87187,56927,three
90521,55468,three
94792,61041,three
207916,216459,three
89948,47813,three
90105,54896,three
103958,64063,three
95365,56354,three
88959,64166,three
89167,55729,three
89531,56302,three
96302,54844,three
83437,48594,three
100208,58906,three
86354,49063,three
87031,53646,three
63021,29792,four
164479,28906,four
105677,48542,four
56406,30364,four
62708,28334,four
20781,30417,four
80052,50677,four
73334,38750,four
66146,38646,four
68750,32552,four
56927,27969,four
72240,32656,four
82865,41875,four
60468,29427,four
60990,30729,four
75677,49843,four
66510,31458,four
58073,35157,four
59219,31615,four
22031,24010,four
86771,21719,four
71979,36042,four
55625,26823,four
71407,35625,four
51250,27292,four
65938,32188,four
150937,22656,four
68125,39011,four
55208,26406,four
47239,27553,four
103959,60209,four
61042,29583,four
56094,34896,four
57084,31979,four
21875,28802,four
57552,22709,four
68177,30313,four
71979,31771,four
69792,36250,four
57813,28073,four
87448,30521,four
65833,44062,four
75468,30469,four
64791,41146,four
58698,28854,four
70729,30261,four
97552,28594,four
11562,58959,four
65052,31823,four
71406,32344,four
70312,34948,four
69740,39323,four
67239,21667,four
51458,27656,four
57500,28125,four
73698,39792,four
54063,28698,four
64375,30573,four
64739,32447,four
64063,31198,four
79792,40521,four
78438,47135,four
54375,28645,four
49740,28125,four
68490,38802,four
53281,36771,four
92812,49011,four
56459,36823,four
60364,32500,four
68125,38438,four
61614,30677,four
72864,31093,four
79688,46042,four
56927,36718,four
61979,31458,four
57031,28489,four
105573,35938,four
65260,29948,four
11927,28489,four
65886,22656,four
51302,27865,four
170521,232031,four
53594,28281,four
76250,23385,four
65625,30364,four
10885,32917,four
82500,38541,four
61770,29739,four
75417,30260,four
52865,27031,four
66510,30990,four
73438,40208,four
59531,31093,four
98750,58698,four
69114,20312,four
72917,38281,four
116666,39115,four
89323,70677,four
67656,35938,four
83229,37917,four
80104,31823,four
59427,29115,four
81042,46198,four
65052,36823,four
59479,30573,four
63854,30521,four
86407,47969,four
74218,31719,four
78385,50052,four
87448,47396,four
69532,38698,four
87812,48437,four
70781,31302,four
78020,38177,four
78490,31406,four
78177,48125,four
57812,27656,four
64635,37344,four
85886,49740,four
70886,37812,four
76614,38646,four
176198,38229,four
64791,30313,four
90990,48958,four
64166,38646,four
152291,40209,four
69166,37291,four
83698,39532,four
58334,34792,four
68334,39218,four
65260,33438,four
70729,40365,four
83906,51614,four
80209,38594,four
81979,38750,four
70989,39062,four
65521,41666,four
70104,29063,four
64375,38386,four
70313,38490,four
51406,36250,four
79375,40469,four
106875,251510,four
77864,32656,four
21042,29427,four
75052,35885,four
75104,48802,four
75625,39636,four
79896,31927,four
70052,47031,four
72396,51198,four
25156,41979,four
75208,46563,four
77552,30261,four
78385,49270,four
63959,39792,four
76562,30312,four
68386,38802,four
70885,38645,four
63073,32084,four
69792,37656,four
68542,46979,four
96094,38959,four
80677,40000,four
60104,30833,four
64948,29011,four
78489,41927,four
80417,42344,four
77396,36459,four
59687,30834,four
78229,39323,four
74010,31458,four
116928,56302,four
74375,37657,four
77396,37604,four
73073,38437,four
87500,45885,four
77552,33855,four
72344,37187,four
76511,36562,four
69271,38750,four
78021,43177,four
98125,29948,four
69479,30364,four
81250,46979,four
83334,46563,four
18542,211615,four
64010,40052,four
77760,41771,four
85520,50000,four
74948,49114,five
72552,37864,five
122604,309375,five
80781,38802,five
64792,54896,five
105521,63541,five
126614,80520,five
88073,47708,five
86511,51562,five
67136,43073,five
77865,48438,five
73177,36979,five
92396,34167,five
66979,35886,five
87187,61563,five
82604,40312,five
74323,46093,five
82500,45625,five
77552,34271,five
74896,44479,five
70677,34791,five
72656,37031,five
129583,39635,five
81041,43542,five
76458,40677,five
81354,47291,five
71927,39584,five
69115,36198,five
72604,46718,five
86198,50052,five
33697,50209,five
81927,47083,five
87552,47552,five
71094,21563,five
93020,57709,five
80886,46042,five
72709,35313,five
72708,463958,five
63646,34792,five
83229,55521,five
67031,36459,five
89948,56719,five
81979,40209,five
98229,39323,five
86719,53385,five
60104,34636,five
70364,39531,five
68073,37135,five
73854,217292,five
66979,35157,five
150781,62240,five
91563,37500,five
71302,47031,five
65260,34791,five
95105,55260,five
71875,36718,five
76354,38281,five
90937,42292,five
67500,37500,five
82968,37813,five
78073,22396,five
78125,40730,five
66927,38594,five
85885,52917,five
164427,33803,five
92657,70312,five
90417,56510,five
72448,38541,five
72916,38645,five
76823,47448,five
69583,38334,five
93646,47343,five
82604,46667,five
74947,38698,five
73593,41771,five
82709,39844,five
94167,57136,five
166094,129843,five
82240,53438,five
56458,46615,five
78750,47657,five
76615,48594,five
68125,43906,five
78854,45730,five
21459,45781,five
92656,48385,five
116823,29323,five
245209,21666,five
73854,44792,five
91094,55156,five
28385,47343,five
72552,37344,five
78854,39271,five
37500,36146,five
103490,74479,five
125208,94844,five
93021,47812,five
81250,49531,five
88698,61823,five
80677,52240,five
80521,45729,five
71562,36875,five
83438,32657,five
71042,40625,five
85677,50261,five
114739,74583,five
155052,52187,five
88438,56979,five
69531,38594,five
85937,48073,five
89791,56875,five
86718,55520,five
83281,47136,five
85365,57500,five
94010,54062,five
84166,48698,five
89479,55365,five
85365,56354,five
75989,47916,five
90469,56354,five
97084,49531,five
89167,46198,five
92291,47917,five
91875,49322,five
93646,55313,five
84844,56718,five
85990,50781,five
99479,46979,five
85417,47084,five
79115,47344,five
90469,56510,five
91406,54791,five
85990,47447,five
91615,49323,five
10937,345365,five
87656,58333,five
22292,39166,five
145677,26823,five
98593,49428,five
97084,405104,five
85781,41250,five
89843,56666,five
87240,50000,five
88959,53541,five
105781,70677,five
86406,55000,five
91875,22969,five
83697,50573,five
83281,48907,five
84688,45052,five
143854,54948,five
67917,37344,five
83230,56198,five
90729,54635,five
87083,56146,five
85209,40521,five
85105,45625,five
80052,52864,five
91406,54271,five
87708,46875,five
90521,57448,five
106771,51198,five
87083,49114,five
111146,52084,five
86823,43386,five
97500,57187,five
96823,46822,five
89583,46562,five
85625,54844,five
88959,46980,five
116875,79531,five
83750,48334,five
88125,60052,five
92031,22448,five
96563,48593,five
108281,44584,five
87187,52500,five
243073,42344,five
9479,21875,five
72657,48542,five
83437,20885,five
93177,48125,five
86719,56771,five
159219,52813,five
87760,56719,five
82343,54844,five
75885,47135,five
13229,56042,five
88802,47031,five
87083,57031,five
91771,48750,five
88646,56511,five
78594,497969,six
78385,47656,six
81406,46198,six
94219,57240,six
129739,83385,six
104688,71615,six
88750,10364,six
79375,50260,six
90000,47083,six
80417,50104,six
142136,88229,six
111145,74948,six
96719,265990,six
70938,42500,six
76875,54010,six
72239,44427,six
76302,47500,six
87187,47917,six
87083,56406,six
95104,60157,six
93385,54740,six
95313,49844,six
80104,46458,six
99896,56927,six
96511,54115,six
86094,41614,six
90208,48750,six
88177,57448,six
94531,63542,six
82291,41510,six
92187,54167,six
87084,45937,six
84896,50938,six
86094,45833,six
80834,47709,six
106771,65209,six
92916,57448,six
101354,54114,six
72344,51667,six
104114,62917,six
96458,51719,six
88437,54531,six
72813,49792,six
96823,49270,six
67448,59688,six
74687,46510,six
90729,55833,six
78698,38542,six
72813,49166,six
81198,39063,six
74271,48959,six
122761,49948,six
81250,50520,six
93959,64688,six
71146,45677,six
122292,120782,six
72604,43125,six
73646,49375,six
95260,62709,six
91823,41406,six
87396,53333,six
90156,57865,six
80209,52604,six
79062,46928,six
198698,54948,six
16458,52917,six
96614,63594,six
120729,87761,six
74687,50729,six
107500,57500,six
124323,57031,six
131042,90052,six
81302,40938,six
150782,47812,six
77916,45885,six
79844,57240,six
79532,47604,six
82448,47500,six
76354,41979,six
85000,48803,six
79167,21614,six
30052,51302,six
74115,54791,six
116979,82552,six
80260,53542,six
98802,56615,six
81250,52083,six
80834,45833,six
91614,57969,six
65937,63490,six
114583,271979,six
101198,56771,six
87917,47031,six
73437,51667,six
87395,50521,six
85833,43229,six
94323,55469,six
98125,58073,six
95730,22761,six
96406,55625,six
104219,65365,six
26563,25052,six
143229,55625,six
99375,58333,six
92916,71145,six
98490,64636,six
89166,62448,six
97865,62656,six
87708,53125,six
14583,60364,six
11615,62083,six
101562,55625,six
102812,64062,six
98750,64635,six
138541,93593,six
85469,49479,six
10104,60156,six
93073,54584,six
106406,72031,six
83593,65156,six
99167,62083,six
107552,74635,six
106042,60468,six
97500,65260,six
100365,64584,six
95156,66979,six
106198,71718,six
109271,59375,six
93906,63750,six
89532,51822,six
63645,20885,six
106718,72292,six
96042,55260,six
134792,107656,six
85625,46459,six
96459,61718,six
102969,56667,six
77552,46094,six
94167,63021,six
105625,72500,six
88229,55104,six
97136,48907,six
89531,62187,six
100313,57500,six
103489,63177,six
89323,62396,six
103593,64636,six
96875,64791,six
80156,55781,six
94531,61667,six
93490,63333,six
92865,66407,six
96198,61823,six
77552,44792,six
76615,45156,six
92500,61511,six
160313,499271,six
106771,31666,six
102448,63698,six
95365,66094,six
99635,55313,six
79844,57292,six
220468,141510,six
17760,59740,six
100313,56042,six
191354,63750,six
87083,59427,six
92344,61354,six
97188,60156,six
97031,58333,six
85313,46927,six
96146,60886,six
88386,57396,six
97187,63073,six
106407,66094,six
92136,56459,six
95312,62032,six
10469,70156,six
95156,63333,six
93594,24583,six
101875,62865,six
183958,143698,six
96354,62135,six
95364,55781,six
100729,62917,six
97448,63541,six
97136,63542,six
95208,60104,six
94583,63281,six
100937,64323,six
109427,73698,six
67813,32395,seven
63959,38906,seven
55573,30990,seven
91615,57084,seven
49010,53021,seven
50261,26979,seven
70261,32291,seven
9271,27708,seven
9427,117552,seven
72240,38698,seven
74636,37969,seven
77969,42291,seven
62552,29531,seven
72813,30208,seven
47136,27917,seven
90261,55678,seven
58438,28230,seven
108073,54219,seven
70938,38229,seven
65573,38333,seven
54115,35938,seven
83803,55000,seven
68334,37656,seven
68073,37657,seven
67240,29948,seven
115990,46407,seven
64948,30573,seven
62969,30000,seven
161875,203854,seven
78854,37552,seven
58020,36666,seven
24531,28958,seven
50156,34791,seven
57239,31146,seven
70521,43542,seven
66615,39218,seven
50052,29010,seven
72761,40000,seven
66719,38281,seven
76927,30625,seven
68489,27136,seven
70886,40000,seven
62969,31979,seven
74375,28125,seven
60312,22292,seven
61302,29323,seven
70469,37864,seven
75625,37240,seven
63542,32656,seven
64427,31667,seven
77552,21927,seven
57396,33437,seven
49063,34636,seven
63020,39687,seven
58646,35208,seven
60000,35416,seven
85833,37708,seven
56563,28073,seven
72761,39948,seven
66927,30885,seven
71615,38802,seven
61719,31302,seven
160469,49375,seven
46302,30678,seven
67604,32187,seven
65104,30104,seven
74479,31355,seven
60677,35678,seven
64739,29479,seven
54271,29062,seven
50000,20000,seven
53802,30416,seven
61875,31146,seven
64115,38854,seven
55834,31093,seven
54948,29271,seven
66875,38646,seven
79010,47656,seven
48750,28229,seven
77761,36042,seven
83437,38542,seven
72760,40312,seven
74114,46771,seven
67135,33802,seven
70157,39479,seven
63333,413229,seven
55000,31354,seven
22343,31562,seven
61094,30260,seven
65417,30677,seven
71458,41302,seven
60260,21041,seven
62969,28750,seven
60729,22552,seven
76511,41250,seven
64583,39010,seven
75833,36823,seven
71146,38385,seven
67917,34063,seven
79167,35729,seven
67865,35938,seven
67396,39896,seven
73385,38594,seven
68333,31667,seven
20833,28802,seven
66666,37916,seven
65729,39010,seven
78020,46928,seven
70834,38073,seven
71510,38178,seven
68438,39948,seven
83437,45469,seven
70260,38021,seven
69584,38333,seven
65052,38541,seven
65260,31510,seven
76666,37917,seven
100364,41302,seven
69323,24844,seven
72083,42865,seven
73489,38073,seven
68334,39948,seven
78803,41146,seven
84219,47708,seven
64427,34636,seven
70990,40209,seven
65781,38594,seven
69427,40365,seven
74219,38542,seven
66354,40886,seven
69115,36875,seven
76145,52709,seven
77865,46614,seven
63438,40260,seven
77813,44531,seven
59115,21771,seven
71771,32969,seven
71563,31719,seven
71667,40312,seven
67605,38333,seven
116198,75833,seven
102344,79375,seven
90052,37552,seven
82969,40938,seven
85364,52552,seven
10938,32031,seven
75157,40416,seven
79114,29479,seven
78021,52812,seven
81875,39635,seven
76146,35937,seven
73906,37135,seven
80520,29271,seven
63281,40625,seven
70208,38594,seven
60729,21927,seven
67656,40156,seven
52760,28750,seven
109063,35469,seven
69428,37500,seven
94688,57917,seven
71718,31719,seven
73281,37656,seven
59635,34479,seven
75937,37656,seven
63489,29896,seven
83594,40000,seven
66198,38281,seven
70000,40730,seven
13489,31198,seven
73177,42813,seven
66041,38646,seven
69479,40521,seven
71511,40312,seven
57083,29531,seven
80052,53750,seven
66250,30990,seven
82500,39375,seven
75416,40364,seven
112448,21459,seven
67708,37031,seven
71562,38073,seven
78021,39687,seven
57916,30573,seven
71042,38437,seven
70521,38854,seven
64323,29167,seven
74114,40000,seven
84323,37812,seven
71875,38854,seven
67969,39948,seven
78802,55885,eight
22344,89323,eight
96927,70521,eight
90313,256666,eight
101459,66666,eight
107292,62864,eight
9896,67864,eight
212552,79583,eight
93229,56771,eight
105104,67292,eight
96407,63177,eight
78073,56927,eight
106094,67864,eight
117395,67031,eight
91250,55104,eight
91615,70104,eight
92240,46979,eight
82812,55521,eight
87552,56562,eight
92656,58594,eight
95261,59375,eight
103073,61927,eight
89063,53177,eight
94218,62396,eight
77239,49427,eight
89532,53385,eight
100312,64739,eight
10886,62500,eight
71355,49844,eight
78125,43594,eight
94688,54219,eight
95521,63698,eight
111146,62812,eight
141041,96250,eight
136407,95573,eight
135626,95730,eight
124948,79635,eight
97917,59115,eight
76719,44844,eight
104167,54792,eight
84636,145573,eight
95677,66927,eight
144011,101042,eight
102657,60938,eight
100469,56667,eight
77031,47396,eight
61927,71614,eight
95781,59635,eight
97813,66927,eight
89323,56771,eight
103958,63073,eight
96875,63385,eight
83229,50313,eight
135313,86771,eight
100416,66510,eight
19636,44740,eight
90937,46563,eight
104011,77812,eight
80364,48229,eight
90208,54896,eight
85572,56406,eight
81875,51094,eight
103854,59219,eight
82031,53698,eight
103177,67708,eight
82709,47813,eight
87917,48750,eight
96719,50417,eight
84896,41250,eight
104375,66406,eight
89322,53906,eight
151823,53438,eight
145573,110052,eight
90052,54011,eight
101771,62969,eight
97813,62761,eight
92188,40000,eight
111771,55313,eight
132083,96615,eight
103073,75000,eight
89115,54688,eight
97136,66667,eight
93542,61407,eight
93698,66250,eight
109531,69687,eight
83438,55469,eight
73594,50625,eight
89166,64948,eight
95105,63490,eight
99895,60209,eight
147656,113438,eight
103854,62760,eight
87136,53438,eight
96823,68177,eight
111718,76510,eight
108177,73958,eight
109375,21094,eight
109115,62031,eight
104636,71094,eight
141094,111094,eight
103073,70521,eight
107968,70885,eight
99896,63750,eight
106146,73229,eight
97969,58073,eight
128438,74427,eight
110312,62500,eight
113282,74583,eight
107916,74479,eight
135625,94792,eight
98021,74219,eight
102239,72135,eight
96979,70104,eight
113646,71198,eight
111719,73125,eight
86614,54219,eight
100989,65625,eight
104531,66302,eight
113021,72552,eight
106927,71875,eight
100209,64219,eight
105105,72240,eight
108750,66875,eight
21771,75990,eight
109063,67916,eight
106510,72135,eight
108021,72343,eight
104791,70625,eight
109635,63229,eight
23438,75886,eight
104584,76302,eight
144740,115261,eight
113125,72656,eight
105157,70989,eight
86094,55208,eight
100469,43438,eight
81458,63386,eight
121562,62604,eight
114844,72344,eight
113490,59740,eight
119948,65469,eight
108489,64792,eight
112344,70781,eight
109375,65573,eight
116927,77031,eight
87187,54739,eight
100833,61302,eight
114896,67917,eight
74375,72709,eight
154166,113334,eight
103593,65157,eight
112187,69740,eight
98073,68854,eight
103646,60677,eight
113073,75990,eight
112031,63698,eight
105260,72187,eight
176875,225365,eight
104322,71146,eight
143229,192657,eight
107708,72240,eight
10937,81770,eight
92395,67187,eight
140260,100729,eight
139636,78385,eight
102135,73386,eight
107239,64948,eight
107395,62605,eight
85938,53281,eight
112291,65156,eight
152187,114844,eight
104271,63073,eight
97865,72657,eight
102760,66719,eight
119062,64843,eight
106198,66407,eight
95729,65938,eight
104427,72031,eight
112813,72500,eight
97656,71719,eight
172552,131510,eight
110521,70886,eight
74948,54739,eight
107448,66407,eight
99688,61146,eight
101458,68178,eight
104375,70417,eight
124010,81511,eight
57552,68021,eight
108854,72656,eight
92240,59636,nine
82604,55885,nine
72031,42136,nine
86823,45104,nine
83490,53646,nine
24010,39948,nine
88854,56823,nine
25260,56197,nine
99167,55417,nine
83021,48281,nine
104427,73073,nine
96875,64167,nine
152084,48073,nine
77135,45938,nine
128490,76823,nine
75156,53437,nine
99375,62448,nine
73281,50677,nine
10990,72865,nine
95313,57969,nine
76615,49739,nine
80833,43281,nine
81198,49271,nine
85469,43750,nine
94531,58438,nine
92292,63177,nine
92291,61615,nine
89114,52969,nine
80156,47448,nine
74844,48281,nine
145416,155104,nine
74010,54219,nine
93489,50573,nine
79896,46094,nine
74688,43333,nine
110312,48177,nine
75990,58386,nine
114636,62136,nine
86042,53906,nine
119323,79844,nine
93385,54584,nine
91615,63698,nine
93333,48125,nine
86718,23334,nine
91563,56875,nine
74479,44532,nine
75677,50469,nine
61875,43802,nine
92708,54532,nine
73594,43750,nine
81510,45312,nine
99167,66562,nine
99635,71979,nine
92135,60521,nine
94219,56198,nine
9271,390260,nine
90573,48333,nine
92552,54792,nine
90521,49063,nine
66823,19895,nine
90938,59479,nine
85990,46146,nine
106771,71771,nine
84531,48281,nine
82812,54896,nine
93281,64218,nine
77656,45260,nine
194167,19687,nine
121303,84115,nine
91250,53803,nine
78282,62760,nine
75104,46615,nine
77761,46927,nine
89532,46875,nine
82761,43438,nine
84740,56302,nine
68750,110261,nine
74218,47136,nine
92291,68490,nine
75677,50781,nine
30469,62344,nine
69583,22031,nine
147552,48229,nine
122916,57396,nine
71875,44479,nine
72605,62291,nine
95104,48438,nine
79948,46094,nine
130521,83489,nine
165416,102864,nine
176510,29687,nine
79323,51927,nine
81302,46250,nine
22240,54375,nine
89896,50000,nine
76771,46927,nine
86094,19636,nine
89167,54948,nine
94740,63385,nine
94583,58438,nine
97865,59635,nine
96927,57344,nine
148281,101042,nine
103646,67604,nine
86927,68437,nine
198489,159166,nine
27292,57604,nine
28229,50938,nine
100729,65000,nine
233750,234635,nine
78490,22500,nine
93854,53490,nine
106771,56093,nine
98177,63906,nine
88906,62448,nine
96667,54844,nine
107761,66615,nine
118959,62917,nine
91355,63333,nine
80729,48646,nine
93906,62552,nine
101198,56250,nine
99010,63541,nine
93385,53229,nine
11406,58386,nine
105989,54739,nine
100573,61407,nine
97812,63021,nine
94948,25521,nine
130312,236042,nine
101771,64427,nine
100989,64948,nine
105208,58698,nine
101303,68541,nine
94687,60938,nine
102760,65365,nine
98593,67552,nine
107604,62500,nine
96303,55521,nine
102708,61927,nine
92344,53854,nine
103750,93594,nine
91563,63489,nine
108437,57864,nine
101198,64948,nine
100573,64583,nine
108386,58385,nine
102240,55521,nine
101094,62500,nine
95677,64219,nine
182395,120677,nine
132552,65781,nine
90469,20677,nine
100885,64011,nine
97292,60678,nine
102448,62969,nine
71302,47136,nine
95572,62291,nine
101355,65261,nine
86667,59323,nine
71354,96510,nine
109219,68645,nine
85417,60104,nine
101145,54688,nine
94531,57031,nine
112135,71615,nine
140677,64583,nine
93802,54219,nine
9896,57500,nine
91823,56822,nine
95937,65468,nine
129375,87552,nine
108281,67656,nine
100052,63802,nine
98021,60417,nine
12344,63750,nine
93437,52865,nine
90052,63958,nine
94011,63594,nine
101094,55364,nine
10000,20729,nine
98698,63125,nine
91823,64219,nine
97396,56250,nine
97969,61979,nine
72604,43333,nine
100052,56823,nine
97135,63907,nine
94323,62552,nine
88281,56250,nine
87708,53334,nine
100677,24531,nine
115157,51927,b
83021,45730,b
97708,66355,b
94167,56511,b
64323,34115,b
61458,39062,b
81042,46511,b
57240,35625,b
63489,36250,b
69687,48177,b
77552,40365,b
65156,34219,b
68437,40677,b
64844,35052,b
22395,44010,b
64271,34531,b
10938,220208,b
69323,42291,b
66250,39375,b
79271,52708,b
107760,71563,b
76042,44167,b
90052,39896,b
91041,54531,b
73750,37708,b
65469,47240,b
80729,49167,b
75052,45833,b
75052,55781,b
88750,46875,b
84844,49219,b
73646,43386,b
88594,56927,b
63177,38542,b
107969,59271,b
81042,39114,b
66823,34896,b
74271,47448,b
76041,36562,b
86302,49427,b
72552,39531,b
68333,40052,b
81927,37500,b
67239,36407,b
77344,46459,b
75625,44375,b
105990,59948,b
78333,39479,b
108386,61771,b
72604,46198,b
63697,37812,b
72396,39896,b
74531,48230,b
65625,35677,b
79636,46042,b
188854,140937,b
21823,46771,b
100208,66406,b
71822,39480,b
80781,44896,b
71666,36875,b
68593,43021,b
161823,39323,b
105729,42500,b
67969,47344,b
80625,48594,b
90000,37709,b
22500,35989,b
21771,25417,b
93333,43334,b
71770,38698,b
79531,48750,b
82604,47292,b
73750,39584,b
75417,49896,b
64740,33802,b
66198,40052,b
69270,36250,b
71667,48282,b
82500,41354,b
76614,39688,b
82292,47188,b
64115,36615,b
61771,35521,b
55834,35000,b
77500,31563,b
65990,30208,b
89323,61718,b
79011,43906,b
76094,49896,b
68437,40990,b
94167,63750,b
45886,487136,b
80781,48282,b
65364,38334,b
79114,46093,b
86927,54584,b
71302,38593,b
73959,43958,b
89687,49895,b
74271,46719,b
88281,44375,b
90208,50105,b
80313,46771,b
80365,52604,b
89896,53438,b
70261,59115,b
66875,34479,b
82396,48698,b
15573,49636,b
79583,56511,b
85365,53073,b
86458,55468,b
99062,47240,b
76510,47396,b
88230,43750,b
84583,46719,b
85677,54115,b
115781,82396,b
80000,46667,b
8750,59219,b
89062,57083,b
85365,59636,b
96510,46562,b
80260,47865,b
83281,20468,b
74636,56719,b
88593,64479,b
90365,53750,b
78229,47917,b
80104,41771,b
89427,49166,b
78906,40625,b
98437,59166,b
96875,65573,b
83542,47604,b
93125,58750,b
133698,67396,b
90000,56094,b
73333,39531,b
23490,56511,b
10625,47291,b
78125,40625,b
81823,46979,b
87969,48438,b
68229,46562,b
109322,65052,b
82760,54636,b
76511,46094,b
73646,38854,b
88282,45625,b
86407,53333,b
209583,185469,b
84479,54427,b
109531,47969,b
97239,55520,b
81875,42083,b
83698,46719,b
83958,45834,b
82813,54636,b
67188,39010,b
99166,50260,b
9687,42865,b
85625,47187,b
108906,81615,b
94844,49583,b
77344,46406,b
87292,48385,b
89583,46719,b
86198,49062,b
82865,47188,b
84740,53646,b
74948,48802,b
82552,46562,b
84740,48177,b
88698,50677,b
73750,54219,b
91615,48177,b
86823,51458,b
123646,89219,b
70260,37969,b
101875,19740,b
85625,53958,b
83542,54114,b
80313,44531,b
71875,51927,b
80156,55781,b
81198,47917,b
82448,48802,b
127344,61927,b
90156,57135,b
76354,47187,b
85260,49583,b
64166,30521,c
62448,31927,c
108594,41250,c
74479,40573,c
66771,30312,c
63646,30937,c
102708,82031,c
77240,37917,c
65885,32500,c
61145,39428,c
13177,52344,c
71250,38021,c
72917,21927,c
92396,60468,c
61979,37708,c
73958,39219,c
68489,30729,c
72136,38281,c
72448,43125,c
61510,30312,c
72396,39219,c
73334,39219,c
56198,26042,c
60937,35937,c
70989,40937,c
69219,44375,c
64062,30417,c
63594,29792,c
183646,29792,c
83802,50208,c
95937,55313,c
82708,50312,c
91823,54323,c
66511,42500,c
71667,38698,c
22656,39531,c
144323,95469,c
90625,50990,c
23802,62604,c
66771,36875,c
61875,29218,c
59166,29010,c
75729,33907,c
22552,40625,c
71198,43698,c
60937,28437,c
70104,43021,c
66146,33177,c
75416,38385,c
114219,78854,c
70677,31979,c
67865,42032,c
70156,38073,c
87395,24115,c
63594,39271,c
64947,31302,c
60729,27917,c
55833,42604,c
75469,39687,c
66042,41406,c
69167,32239,c
73073,40937,c
64688,36562,c
118698,59427,c
60312,35261,c
64271,31354,c
65208,40260,c
61823,30209,c
67083,39063,c
69895,35208,c
80521,40625,c
71094,39844,c
61198,28072,c
79375,46146,c
61563,28750,c
61823,30781,c
52136,36927,c
58333,35365,c
71823,38072,c
89844,53959,c
67500,42865,c
67812,39114,c
77187,48750,c
84531,39063,c
64167,29687,c
56355,35834,c
88594,44739,c
28594,32448,c
60938,35052,c
67031,35573,c
10937,26771,c
61354,36302,c
72761,35625,c
72917,38438,c
76407,20730,c
65730,39739,c
80416,39740,c
77917,47604,c
74219,37760,c
92709,56667,c
79635,36718,c
67760,43854,c
73958,39219,c
80313,50156,c
80573,38125,c
75833,38906,c
72969,21614,c
73021,38698,c
85260,49010,c
82292,40938,c
78646,38907,c
72760,43073,c
77448,49583,c
86979,57395,c
85781,49583,c
75677,41094,c
79375,47917,c
79844,47709,c
78594,44740,c
102188,254740,c
80729,45417,c
90521,50104,c
86718,52552,c
69688,38645,c
11250,31979,c
84792,48385,c
77396,39844,c
79531,40990,c
71823,20885,c
85625,48854,c
82917,45833,c
78125,38125,c
83697,38750,c
95261,47448,c
51719,44166,c
76406,39218,c
78021,40938,c
78490,40625,c
72969,46979,c
72135,46354,c
79011,43698,c
76198,42239,c
73021,48334,c
90416,57240,c
76928,39479,c
72812,39688,c
88073,22083,c
77657,46927,c
73646,48073,c
79115,47344,c
70781,43229,c
77656,41823,c
74688,48907,c
100677,55520,c
76667,39115,c
78698,38645,c
78178,50052,c
77708,49063,c
77240,38854,c
106510,40990,c
77448,43229,c
75104,45990,c
75313,37448,c
80260,35261,c
82656,49427,c
86250,48541,c
86250,44739,c
75625,44167,c
81875,22969,c
69947,39584,c
80000,48750,c
82188,39011,c
70938,46927,c
78385,37812,c
11563,39011,c
77708,50990,c
78438,40000,c
73281,47500,c
81510,49219,c
78386,40729,c
82500,53281,c
10677,36771,c
86875,38021,c
108698,38750,c
78542,41198,c
73125,47656,c
75782,47344,c
74895,35000,c
64584,29843,f
99010,45625,f
54583,30365,f
59115,36615,f
58645,26406,f
66041,36563,f
57917,27708,f
47708,29636,f
62604,29375,f
63281,29688,f
73490,39531,f
66250,30365,f
99791,33021,f
18073,24323,f
188541,39323,f
62864,30625,f
84687,34271,f
48541,27031,f
63854,29895,f
60364,27448,f
24063,31459,f
71615,38907,f
66042,35000,f
90937,44948,f
72396,36823,f
66614,30157,f
66406,30729,f
61927,37344,f
62552,31250,f
71302,38021,f
69219,40312,f
75834,31094,f
73177,28646,f
14166,41094,f
65156,31302,f
66511,36719,f
64843,30000,f
73386,30365,f
51927,28594,f
64844,38906,f
64531,27969,f
71042,30000,f
81511,46146,f
69219,36979,f
20105,34531,f
14792,38750,f
61407,30313,f
69375,58333,f
67761,38803,f
78802,53021,f
49167,28177,f
63230,21563,f
58385,29218,f
63854,51875,f
60052,30313,f
42552,27708,f
69375,71042,f
56146,29844,f
51562,28959,f
21041,45521,f
66927,22761,f
69687,37917,f
66146,36666,f
56198,31563,f
67813,41250,f
150313,58646,f
75261,40729,f
19167,38750,f
64167,36875,f
71041,31510,f
66250,30989,f
61302,38437,f
61407,23177,f
49739,30677,f
58125,30156,f
80990,46094,f
88802,43490,f
48959,26250,f
70417,39219,f
56094,30417,f
50833,36250,f
63333,28959,f
58854,28282,f
65573,38490,f
68803,30417,f
62604,33334,f
55937,35104,f
70573,29792,f
59375,34583,f
49844,27761,f
55521,29479,f
67865,31979,f
71250,30260,f
93177,35677,f
83959,33229,f
75469,40989,f
77135,53489,f
72292,29792,f
74114,40625,f
74844,39427,f
67083,40417,f
69635,38802,f
76667,43229,f
68386,38178,f
69531,40156,f
69323,43437,f
63125,38229,f
64531,31250,f
74531,40260,f
103230,39428,f
70417,37760,f
74531,44166,f
69479,29948,f
100365,74375,f
72605,30365,f
79427,37031,f
63541,37292,f
70209,39219,f
73438,38854,f
68125,38541,f
66614,36459,f
65260,37292,f
68959,38281,f
64739,38750,f
64791,41979,f
53177,26094,f
102240,65052,f
67135,40468,f
70573,30730,f
80625,40885,f
68593,38646,f
64010,39010,f
59687,35937,f
77656,41198,f
59531,33958,f
61302,37708,f
73125,37343,f
72500,39740,f
76510,38333,f
72812,40000,f
70417,33750,f
75729,49584,f
68229,38385,f
68906,33125,f
71980,38907,f
59218,30104,f
16927,37865,f
77084,38646,f
66302,31302,f
72812,23333,f
69479,31979,f
82135,48594,f
68854,38229,f
80417,45209,f
70834,37292,f
81198,40469,f
70261,38594,f
64218,30156,f
69062,36615,f
75677,35886,f
70521,44322,f
66250,41459,f
63698,37604,f
69010,31042,f
70261,35989,f
100886,33698,f
69844,35364,f
60729,33125,f
69218,35937,f
66666,32709,f
78646,44062,f
66979,34531,f
30312,39062,f
63333,31250,f
72657,34792,f
95208,34584,f
76771,35625,f
74010,38229,f
78021,42032,f
73802,40000,f
9687,35208,f
76822,38489,f
55052,22448,f
78593,41927,f
70260,37344,f
88594,41719,f
76719,39219,f
71250,31094,f
74375,38125,f
78958,42187,f
86458,46563,g
93073,49115,g
90730,51615,g
90208,23907,g
72916,47708,g
71979,41458,g
62448,41250,g
82604,47188,g
81980,47031,g
86979,49323,g
83125,46146,g
78020,38542,g
79687,44583,g
84427,43750,g
48958,136875,g
67865,47032,g
64896,77553,g
114427,72447,g
68073,30052,g
11146,46562,g
97447,45937,g
81667,54531,g
82291,54062,g
87916,54791,g
88229,63593,g
88073,56875,g
72396,51302,g
80000,49375,g
11250,79636,g
118125,74427,g
12605,58854,g
68542,49427,g
73750,38490,g
72812,46927,g
79219,51094,g
72552,51875,g
67344,42864,g
81146,47240,g
85364,52032,g
71407,42500,g
90989,55937,g
80208,39792,g
85573,48386,g
72864,47396,g
83021,48438,g
71250,54271,g
84531,46771,g
71562,42864,g
69115,42917,g
77448,45000,g
79063,46354,g
94323,52448,g
72083,38802,g
65521,35469,g
130573,107396,g
81980,47136,g
71615,46718,g
98854,39740,g
84063,26198,g
79843,46927,g
96615,54688,g
95208,59792,g
82605,45156,g
182031,97969,g
77865,51354,g
78281,38594,g
74219,44114,g
90573,53281,g
86875,50365,g
116927,47343,g
72500,46458,g
99583,71354,g
84948,56407,g
118437,76458,g
123802,74167,g
103229,22031,g
88177,57760,g
83125,50573,g
95365,66979,g
80677,56927,g
85937,38229,g
80261,46563,g
94427,57032,g
19375,45886,g
71771,49635,g
84375,48646,g
67969,58438,g
46510,47656,g
73386,43386,g
84427,45260,g
81041,50521,g
82135,45625,g
82709,45364,g
86823,54635,g
73959,49792,g
81823,55312,g
88385,53177,g
106406,55157,g
89948,55209,g
101979,50208,g
90833,57292,g
95573,54323,g
105573,49063,g
111823,66822,g
96823,64687,g
91979,64115,g
94688,63854,g
57865,20573,g
97343,62552,g
29114,58177,g
103802,56771,g
104011,60000,g
97083,54167,g
92917,64427,g
128854,57969,g
95208,54271,g
91146,62552,g
135105,74739,g
86562,51510,g
175782,54688,g
97031,65000,g
89062,62291,g
102656,63906,g
131355,95729,g
100573,53854,g
100989,53698,g
99427,64531,g
110312,66927,g
134427,74948,g
94479,59428,g
104896,66823,g
100729,54427,g
94584,56719,g
123906,88802,g
119480,318438,g
91250,62969,g
93802,55730,g
91980,67031,g
89115,55521,g
87032,20417,g
98489,56979,g
87813,58958,g
93594,65156,g
108437,67083,g
102604,56250,g
94896,54635,g
79219,46875,g
98438,56250,g
95261,55520,g
93907,60834,g
116251,80052,g
95000,54427,g
98646,55625,g
176458,56666,g
82084,56823,g
99688,67032,g
92656,55937,g
102291,57135,g
92969,63072,g
104062,96875,g
92032,56770,g
91875,56719,g
102812,65781,g
89687,51771,g
98959,55469,g
94219,57604,g
105833,62448,g
93021,54791,g
110156,64896,g
129011,233854,g
94375,55365,g
72344,62761,g
94844,48334,g
89428,55313,g
99531,53177,g
82708,59427,g
92083,58698,g
98645,55573,g
101093,54792,g
90833,54948,g
9792,55573,g
102865,70052,g
140312,91094,g
96562,51406,g
94896,51927,g
92031,70625,g
92344,61042,g
91823,55416,g
92031,57031,g
108437,72135,g
86510,53333,g
93125,56563,g
96771,57031,g
99948,55208,g
103750,66041,g
80157,52813,h
66927,42396,h
87969,35677,h
71666,29375,h
63646,55208,h
65209,36146,h
66771,36146,h
75625,46979,h
70260,39375,h
63073,29687,h
87552,37083,h
66667,33542,h
76042,45625,h
58385,28490,h
56875,34687,h
77031,37239,h
85312,25573,h
62761,37240,h
79687,32396,h
55886,29635,h
91719,51875,h
69948,30365,h
75625,39896,h
64843,29948,h
70208,36094,h
67083,30677,h
60834,22187,h
70781,36980,h
58490,36146,h
64792,31614,h
75156,24114,h
69896,38802,h
64375,29166,h
54323,28646,h
76718,40521,h
21667,34896,h
74375,38750,h
92187,47396,h
53541,35573,h
62552,45053,h
229584,36666,h
70937,40104,h
76302,49428,h
62969,36771,h
22083,30208,h
62188,37604,h
58594,33438,h
81302,46927,h
72448,36667,h
120677,33594,h
72917,43958,h
65416,32032,h
79115,46355,h
58906,30937,h
55104,35572,h
12291,68907,h
52135,27552,h
81563,38907,h
88437,47292,h
91510,52031,h
52969,43333,h
71459,35312,h
66719,38385,h
71719,36927,h
65261,35208,h
69896,36719,h
70625,31823,h
66615,28906,h
75469,40260,h
65053,30937,h
95104,25156,h
67084,30729,h
72188,43958,h
119635,24688,h
68385,40677,h
22761,57136,h
67448,32031,h
64375,38385,h
65834,43177,h
105782,68334,h
67657,32344,h
59896,38958,h
62761,38802,h
66927,22344,h
83541,45937,h
59479,27292,h
54583,31979,h
82396,31042,h
108386,21875,h
51927,29167,h
66562,39688,h
59948,35417,h
109635,65260,h
70730,31146,h
71458,37865,h
66041,37187,h
65364,38178,h
17500,43437,h
73645,39635,h
186927,27500,h
83281,47500,h
80469,41458,h
78854,47344,h
78958,39323,h
75833,38386,h
57656,30781,h
68333,38125,h
75000,47500,h
80104,46302,h
72552,37448,h
73593,47448,h
72292,37135,h
72656,39636,h
82708,21094,h
194271,26094,h
71615,39063,h
12083,38698,h
86667,56042,h
77187,46355,h
71146,37812,h
77968,38542,h
83021,59010,h
109584,70885,h
70781,38959,h
82917,40469,h
71094,37917,h
68907,39062,h
72448,39740,h
81198,42396,h
71146,50260,h
78802,47604,h
72812,38802,h
79844,39323,h
71303,38125,h
73073,39531,h
75677,38907,h
86615,44687,h
70833,41145,h
74010,39323,h
76093,40468,h
68385,36979,h
100521,78281,h
77500,36354,h
79480,23177,h
76511,35833,h
74635,37917,h
69219,30729,h
12865,49896,h
87500,54167,h
81927,48489,h
77865,48073,h
81510,44011,h
10209,35885,h
71823,38802,h
75105,40261,h
68646,40000,h
63802,35729,h
90417,57500,h
65677,32187,h
107240,18698,h
73385,46823,h
108489,38386,h
66562,31042,h
74323,46302,h
75677,40677,h
69792,40416,h
81250,39115,h
75468,38802,h
80313,41510,h
69010,34688,h
69584,39167,h
76823,39687,h
91563,42292,h
79792,52760,h
91406,69011,h
76875,38177,h
76980,41302,h
71094,38646,h
68073,42291,h
72657,46406,h
26562,40572,h
79011,48229,h
73490,39531,h
65833,31667,h
74427,38229,h
72656,47188,h
64323,43021,h
75781,48490,h
54011,29688,i
62708,29531,i
27604,27291,i
48333,19063,i
61927,31823,i
42344,32813,i
42969,19948,i
54375,27656,i
71093,33021,i
55834,49115,i
64323,29479,i
50521,24791,i
47136,20990,i
75417,32812,i
60104,29115,i
64011,28750,i
61615,34532,i
47240,29323,i
56667,19010,i
60729,21250,i
59271,22656,i
57447,21354,i
56875,20833,i
54323,19896,i
69323,23229,i
38229,20000,i
48750,21458,i
82292,35886,i
65573,32552,i
62448,30937,i
61927,37812,i
55729,29218,i
57760,28594,i
29114,22969,i
63334,29375,i
73542,31093,i
74687,35937,i
52656,22500,i
69062,23282,i
51979,19687,i
53438,28490,i
25000,26250,i
53437,22240,i
63646,23125,i
23125,22917,i
55782,29219,i
49791,26459,i
53177,28177,i
22447,30053,i
56042,22448,i
58854,35000,i
66510,29739,i
63177,23542,i
55677,35104,i
79792,30938,i
55365,23281,i
44948,27813,i
62708,31250,i
44948,19167,i
51667,21354,i
64167,31354,i
70520,38073,i
55781,30313,i
56354,22864,i
57084,30157,i
48750,26563,i
42605,47968,i
51250,28282,i
51302,27761,i
57344,22656,i
49844,26615,i
59948,27656,i
65833,32188,i
51614,26510,i
57552,21459,i
50364,20260,i
55000,29166,i
22864,25886,i
58802,28073,i
43386,24844,i
66980,26823,i
55157,21302,i
34896,27291,i
57188,32084,i
66198,29479,i
49584,28854,i
79740,21667,i
59271,28021,i
107292,25521,i
66719,30208,i
62396,31615,i
72969,47657,i
70156,33385,i
60781,29479,i
53645,21510,i
74323,30365,i
69479,29271,i
95364,20782,i
61041,23750,i
64375,29687,i
56771,29323,i
64948,29896,i
68802,24531,i
63073,29271,i
66563,30521,i
95208,31302,i
70052,29427,i
70885,32760,i
64063,23177,i
63907,23750,i
77760,41250,i
58854,21823,i
156927,20000,i
73125,28959,i
72813,23021,i
71406,30365,i
66823,33073,i
61250,32187,i
65416,29635,i
62813,31094,i
70156,25833,i
64792,32292,i
61302,31459,i
71250,31302,i
63593,31042,i
67240,30469,i
66094,36823,i
65260,30937,i
65521,31511,i
56042,30208,i
59114,31406,i
65468,30885,i
68386,29792,i
64843,30782,i
64323,29583,i
66406,31302,i
60260,30260,i
67552,30625,i
61041,31875,i
48177,26302,i
92292,23386,i
63125,29323,i
60261,30937,i
72657,32969,i
62240,23386,i
62969,52083,i
69531,28594,i
65469,32916,i
61094,30521,i
70312,24375,i
65625,31770,i
62240,27031,i
70573,31406,i
68542,29896,i
65261,30365,i
66042,23281,i
74479,37500,i
22969,25573,i
61511,31094,i
103542,64271,i
59948,35782,i
73750,35938,i
74010,39427,i
82031,38750,i
64532,30937,i
67656,40937,i
58750,22761,i
63698,29843,i
61510,28020,i
62083,30000,i
67084,29844,i
23281,30313,i
12083,315989,i
67552,31667,i
79896,44739,i
59219,30677,i
62187,30313,i
74687,30104,i
64271,30000,i
62656,33594,i
60938,31459,i
64323,29584,i
57604,31303,i
64740,33020,i
65104,29896,i
62709,30989,i
62136,30886,i
63021,30261,i
67396,32396,i
66615,31302,i
56979,30052,i
61302,36407,i
64375,29219,j
59947,37761,j
64635,32136,j
65730,34792,j
58958,27865,j
95938,65156,j
71614,31250,j
50521,28020,j
91667,30781,j
56094,28229,j
63073,29635,j
56406,57500,j
10729,41406,j
76563,40052,j
56562,29896,j
64740,37552,j
62083,31510,j
68697,32344,j
80625,46146,j
55938,26875,j
54740,28750,j
65469,39427,j
91771,53386,j
57448,27083,j
49740,27240,j
72136,37969,j
65313,38646,j
57708,29791,j
56459,34948,j
72656,47864,j
98489,37239,j
69271,38177,j
66667,36459,j
59270,31979,j
77448,41510,j
79688,46927,j
64896,30782,j
66145,31979,j
62865,31927,j
67084,39740,j
62135,39219,j
67032,41354,j
62813,33698,j
75885,39323,j
80000,49740,j
64792,28281,j
83542,22761,j
71667,42240,j
73177,38958,j
19844,36302,j
62604,41302,j
51198,35572,j
62917,36302,j
56146,27657,j
76927,42292,j
80208,34062,j
55833,26197,j
65104,37968,j
73073,37187,j
81146,46198,j
55573,27709,j
78333,39740,j
60937,29583,j
62500,31146,j
106667,60104,j
57709,27500,j
62709,30209,j
73385,37865,j
60052,36510,j
51771,44740,j
139531,431927,j
93646,38489,j
67916,39583,j
64740,38698,j
63177,32552,j
67969,38177,j
60521,35104,j
58489,22552,j
59584,31197,j
75990,43386,j
75937,46980,j
64427,30938,j
86667,48386,j
58802,34844,j
61198,29219,j
72344,40052,j
85469,47083,j
58750,31875,j
76354,31041,j
12240,32239,j
88854,47760,j
67605,40208,j
57709,31302,j
68959,30208,j
62083,22760,j
10677,37396,j
67136,39010,j
72395,46563,j
63333,36615,j
80365,48698,j
77812,37812,j
83802,48282,j
72708,38750,j
121198,80989,j
78907,39167,j
82448,32969,j
76719,38334,j
69531,31667,j
97136,66250,j
64219,31458,j
80729,46042,j
69896,39844,j
69271,40209,j
73177,39218,j
11042,61719,j
69948,40156,j
45157,28594,j
69740,41094,j
73698,36511,j
72969,39115,j
65521,31094,j
72917,38021,j
70989,30104,j
79010,38802,j
76719,39583,j
67292,37760,j
73489,39219,j
17708,36406,j
73698,39583,j
73229,35417,j
73281,39271,j
71823,41354,j
78333,47917,j
81042,54271,j
71823,39271,j
74479,39375,j
80885,48802,j
65312,30885,j
69427,38958,j
17135,38959,j
73229,39687,j
68542,45521,j
85521,45781,j
68750,39896,j
75417,41563,j
81979,30833,j
68854,36615,j
75729,37396,j
82500,37239,j
72604,32396,j
76771,37240,j
107761,68125,j
67344,30989,j
66927,38698,j
80677,40573,j
67344,37604,j
95000,41823,j
75261,40000,j
76875,38646,j
69688,42448,j
71614,38489,j
76979,39687,j
69532,30886,j
59896,20938,j
76927,37968,j
65677,44584,j
67552,37865,j
67605,37865,j
77656,37865,j
109219,24167,j
85677,50000,j
75416,38281,j
76459,35729,j
67552,39167,j
66354,10625,j
75312,38854,j
10312,215156,j
27813,59063,j
77812,40365,j
73125,39219,j
69062,37396,j
64583,39010,j
77239,40416,j
102813,46302,j
71823,37031,j
15677,44480,j
75781,40729,j
80781,38177,j
64011,38073,j
82291,38855,j
94532,42084,k
69479,37656,k
79166,42031,k
68854,29218,k
61198,37344,k
68646,39531,k
64010,30625,k
62448,30364,k
51979,25833,k
91719,52188,k
59011,28073,k
67500,36146,k
62396,31042,k
91666,44635,k
54896,34427,k
57240,35521,k
69375,49531,k
65886,40781,k
58021,30313,k
51406,27969,k
63646,37709,k
57916,30625,k
57864,31719,k
22656,32709,k
87396,55990,k
22709,24166,k
67552,30000,k
63594,38593,k
67239,29427,k
63646,30052,k
99636,68854,k
55261,28802,k
88855,61823,k
57032,30521,k
69844,39115,k
62917,38802,k
55937,27292,k
71198,32240,k
74688,35729,k
78698,47708,k
67656,32083,k
78854,38802,k
52604,32084,k
57917,36041,k
64270,30833,k
86094,23177,k
61563,28750,k
60572,29062,k
62292,29896,k
59427,21667,k
57969,27656,k
74167,22865,k
59011,27552,k
60625,34166,k
64114,31406,k
49010,26667,k
56302,35677,k
124843,91302,k
97448,46614,k
64010,30729,k
64375,39531,k
67396,36094,k
64687,35781,k
76198,40677,k
32188,30364,k
71041,30261,k
70313,38490,k
59375,34792,k
56823,20469,k
87031,57240,k
112708,31563,k
65625,37240,k
66094,33333,k
51302,25990,k
73334,40886,k
68437,32292,k
75469,32084,k
70208,37657,k
88907,28906,k
25052,34740,k
13698,30937,k
56823,26980,k
62448,30937,k
57500,28646,k
63802,31562,k
76719,31771,k
58802,28020,k
78802,43698,k
55104,38021,k
58073,29635,k
62136,39479,k
74270,32708,k
57187,31615,k
68333,31406,k
52709,37813,k
73646,30990,k
57136,37812,k
58854,19948,k
72761,46198,k
93854,39219,k
74010,49896,k
68125,31250,k
72604,34844,k
78750,39270,k
69270,31302,k
67032,38334,k
77031,38334,k
77188,252396,k
65000,37135,k
70105,31041,k
73854,22396,k
64323,40260,k
83229,40312,k
77292,39115,k
75052,40104,k
76823,40000,k
77813,40521,k
11355,39948,k
67396,38698,k
68906,40052,k
69166,37760,k
76666,38802,k
70156,39271,k
83021,39375,k
74322,42188,k
71042,39375,k
75729,22344,k
71771,38334,k
55885,39531,k
86666,49739,k
28854,98646,k
72084,36927,k
76510,44323,k
72656,39063,k
124531,24271,k
69687,38958,k
72864,39635,k
79844,48386,k
73125,40208,k
73542,39427,k
65573,37343,k
73281,38593,k
62864,39740,k
88125,48281,k
75834,40729,k
72343,34687,k
73073,41250,k
116927,76354,k
67761,38541,k
78073,41250,k
71667,44792,k
65521,39687,k
9948,276511,k
79323,41458,k
78385,40989,k
112552,77292,k
72708,39114,k
70886,39427,k
54844,30156,k
69792,37605,k
78906,414583,k
66615,25365,k
76614,40261,k
69947,40156,k
68489,39063,k
80521,48438,k
81198,52292,k
8958,460886,k
79323,32760,k
79844,49532,k
70104,37968,k
74636,32500,k
67031,99011,k
62656,37865,k
69843,37188,k
67864,36198,k
75677,39844,k
74844,39166,k
103177,61146,k
71146,39063,k
71771,39947,k
80729,47239,k
73541,30521,k
79635,33073,k
63855,39948,k
77031,38385,k
68802,43542,k
80782,47969,k
71354,38437,k
64739,40000,k
51198,22188,l
52760,22292,l
47031,22864,l
48750,19844,l
119948,22135,l
34115,19791,l
56145,21979,l
10260,23854,l
57761,22395,l
61562,27500,l
47656,21875,l
63073,21719,l
42396,20572,l
57240,21042,l
56667,25417,l
42500,19740,l
51927,21041,l
95208,22813,l
89948,30104,l
52813,22448,l
36042,21562,l
47604,20938,l
60261,56406,l
57344,22240,l
50833,20573,l
63021,22396,l
72656,40417,l
51458,22865,l
41927,21406,l
56094,22447,l
45573,23281,l
54323,28386,l
52344,31302,l
81145,46198,l
57032,22917,l
56927,23230,l
53958,20885,l
57656,20885,l
68958,45937,l
63229,24740,l
51563,23593,l
46563,22187,l
41406,19688,l
59584,24115,l
59323,22083,l
49896,24636,l
55990,20573,l
58021,20573,l
41719,20156,l
53958,21197,l
48125,22032,l
45678,20261,l
40209,22240,l
48281,22813,l
24115,33802,l
55105,23282,l
55677,22344,l
56563,22604,l
75521,27760,l
48958,22084,l
60468,21093,l
54791,21146,l
45469,19375,l
46198,12657,l
58333,30261,l
56146,30105,l
63073,31614,l
49427,21927,l
55156,22291,l
54167,114687,l
57239,23490,l
57291,22708,l
45261,19948,l
76979,57396,l
63698,22708,l
47448,21562,l
62969,21614,l
71094,23385,l
57656,21927,l
44792,20052,l
59219,35729,l
57240,21980,l
59479,24688,l
48386,23282,l
53541,20313,l
51927,21511,l
46823,65156,l
57136,32187,l
81667,60469,l
82604,21771,l
48230,19688,l
57396,23437,l
55885,22448,l
52344,20729,l
66927,31302,l
50365,19583,l
46406,21302,l
58073,21719,l
53073,24114,l
52709,18334,l
51198,20938,l
55312,22292,l
11927,22031,l
53750,23281,l
57864,31250,l
59531,26511,l
60781,22187,l
54011,22239,l
62917,23698,l
89479,25990,l
56042,23437,l
49948,25833,l
71719,40833,l
63334,22709,l
106979,72865,l
32709,31458,l
52031,32656,l
54844,23594,l
59688,23385,l
54948,29271,l
57552,22865,l
55417,23177,l
21927,21511,l
54167,29271,l
55104,20886,l
55261,22812,l
50572,28750,l
50209,22447,l
63073,25052,l
47292,29427,l
23333,20729,l
57917,23281,l
59740,24219,l
62239,23386,l
53386,31718,l
78854,27500,l
87344,59270,l
57292,23906,l
83073,91510,l
22291,68281,l
48594,35677,l
49739,23281,l
65365,30833,l
96719,25834,l
56458,25834,l
61042,31146,l
58281,22448,l
55469,23177,l
52240,25052,l
58177,23541,l
55781,22604,l
57292,28958,l
46719,21406,l
56823,23125,l
51197,21198,l
67552,39427,l
52344,21615,l
48802,23437,l
62344,23698,l
54323,29896,l
61771,31667,l
51770,22865,l
57813,22916,l
55313,22136,l
51928,24323,l
54531,30938,l
56666,31615,l
57291,22240,l
62136,31406,l
50052,24688,l
51823,22604,l
64688,26719,l
48958,21823,l
50521,22969,l
49167,21667,l
51354,23333,l
54166,22031,l
57969,30833,l
56719,21667,l
60677,22709,l
59635,20520,l
57864,21459,l
55104,22604,l
55364,21719,l
57083,22708,l
60312,29531,l
52656,22812,l
59427,20730,l
65469,22865,l
58594,24114,l
55520,21718,l
57188,21980,l
41823,20104,l
56458,21198,l
57760,22240,l
73750,47396,q
83178,45052,q
72968,37865,q
79531,47865,q
76406,47136,q
75989,40573,q
75208,49063,q
81666,56510,q
24062,40677,q
68438,38489,q
103854,79167,q
65000,38229,q
73646,49687,q
73229,38177,q
71041,39844,q
63281,21719,q
65520,36875,q
75052,43906,q
90365,49010,q
63490,36511,q
75990,39062,q
75260,29740,q
74479,38489,q
70364,42084,q
93437,57865,q
86510,42501,q
102239,64948,q
64948,42188,q
70208,39114,q
56302,34375,q
60729,34322,q
95782,56250,q
80781,37552,q
73542,30468,q
70156,41302,q
73646,37500,q
61563,39427,q
90052,51406,q
82969,48229,q
76303,46093,q
64428,37708,q
74635,48594,q
61354,36823,q
67084,28646,q
56667,34010,q
55104,31354,q
88542,57395,q
87187,47240,q
64114,36666,q
86302,50052,q
78438,43906,q
76719,40416,q
86823,58698,q
81041,46979,q
80833,49115,q
73020,37187,q
125781,101354,q
62083,34011,q
72188,36823,q
76459,31407,q
69792,42917,q
107500,64479,q
63385,35990,q
78333,46979,q
91875,49531,q
72917,37708,q
80573,46771,q
53125,45469,q
21979,38073,q
59792,35886,q
147188,54114,q
91563,47136,q
79948,45886,q
81563,46927,q
71511,41146,q
63906,30000,q
67032,21198,q
88125,50937,q
116615,45521,q
13333,41927,q
79479,39792,q
99636,40469,q
79583,42968,q
71198,41823,q
60313,35364,q
84271,41979,q
76666,47969,q
81979,48646,q
67083,35260,q
58437,33489,q
83646,47448,q
72865,46666,q
68542,37709,q
64896,43281,q
90156,52240,q
63802,30052,q
72657,38385,q
77760,46406,q
90312,55000,q
90729,46719,q
78333,42396,q
87083,48177,q
86302,41771,q
81875,38802,q
81510,46615,q
94948,62396,q
96927,49531,q
88802,49531,q
84010,40365,q
89636,407969,q
79011,47656,q
78541,56770,q
87083,54375,q
24375,46875,q
89063,49792,q
83542,46406,q
84115,50416,q
107708,82604,q
82083,45156,q
77292,48541,q
81823,36979,q
93958,60834,q
91250,46875,q
82812,50365,q
85886,45365,q
64010,38385,q
78542,46458,q
93802,48750,q
84896,43750,q
86459,47657,q
61458,37657,q
21719,46302,q
81146,44479,q
88594,54427,q
143073,91197,q
81875,46979,q
9635,47657,q
90833,46667,q
84218,57135,q
91146,23177,q
80000,43802,q
132344,94792,q
83490,44792,q
132448,63177,q
80157,45990,q
86615,47344,q
76198,47500,q
119010,128698,q
19947,44583,q
91042,46458,q
81250,21354,q
69062,39584,q
100625,36614,q
87656,47708,q
91823,49167,q
76302,22239,q
92657,49688,q
85364,48073,q
86666,47239,q
78646,22656,q
104219,86875,q
88698,61979,q
87448,48333,q
82239,56093,q
84636,46719,q
77604,55208,q
79479,48333,q
79114,50521,q
80729,52292,q
87291,90260,q
94688,54479,q
80729,52969,q
86979,51458,q
81615,41510,q
93177,56667,q
84635,47864,q
86042,54792,q
91198,57084,q
80208,44115,q
79270,46771,q
85052,48021,q
83021,45885,q
126146,89896,q
81406,47396,q
120573,90157,q
85000,12240,q
83334,47292,q
76406,45886,q
85938,53907,q
82917,47343,q
83855,56250,q
87083,40365,q
81458,49063,q
75208,31458,t
58594,28073,t
14739,29010,t
55469,28854,t
61198,23802,t
78021,31614,t
71979,37083,t
67344,27709,t
65573,29635,t
63958,36771,t
50782,27864,t
73386,32240,t
56146,21615,t
60260,34062,t
62395,27135,t
61250,31407,t
67760,31093,t
91198,21302,t
51875,28646,t
63541,30677,t
11510,30781,t
66354,19948,t
77135,33542,t
13073,33698,t
71198,29635,t
57240,28906,t
49167,29688,t
58907,32656,t
50417,19843,t
67239,29844,t
65417,28802,t
65000,30989,t
61980,30625,t
63646,31823,t
43490,30677,t
65104,40260,t
63593,30000,t
82657,43855,t
67605,20208,t
65989,35156,t
21302,22604,t
109739,30052,t
62292,30156,t
63334,266823,t
56146,20417,t
205312,118229,t
24114,31042,t
69375,30521,t
70260,31614,t
49792,28386,t
66146,22760,t
67968,29687,t
123594,51354,t
83959,46666,t
66354,32188,t
56302,35156,t
80209,48646,t
70885,30885,t
59062,29479,t
61927,29322,t
22396,24636,t
63281,30833,t
75729,32917,t
61406,31146,t
82187,47344,t
68854,38594,t
65416,37188,t
92136,56667,t
55208,30260,t
65209,27083,t
62136,31511,t
61823,28907,t
72760,39792,t
84583,21302,t
18750,38386,t
72917,41406,t
73645,37344,t
65573,23646,t
21094,31354,t
73750,38750,t
56302,417552,t
58698,22135,t
86875,38073,t
55364,21823,t
62709,30625,t
53854,20833,t
23125,31250,t
80469,42604,t
90520,28802,t
62812,31354,t
67968,45365,t
66875,31250,t
67968,38177,t
73021,38802,t
65938,39948,t
75573,33490,t
68073,39531,t
73438,39375,t
111719,77708,t
77187,45469,t
65937,37083,t
77500,38021,t
66354,31667,t
105990,69114,t
67813,31458,t
75573,31563,t
78073,30833,t
76511,32239,t
80469,30365,t
74219,40052,t
67344,32240,t
69635,31406,t
63229,32708,t
77865,30730,t
74010,38177,t
71406,31510,t
73385,38125,t
87031,21354,t
73854,30834,t
71198,35729,t
75834,37968,t
92969,62969,t
68958,28177,t
61771,29427,t
73177,38646,t
67760,32292,t
90156,49427,t
71771,31667,t
70573,39843,t
66198,37917,t
78385,32708,t
64792,38489,t
70625,31146,t
110469,33698,t
74011,31302,t
73385,30834,t
71719,31979,t
72344,30781,t
79062,30833,t
68177,30208,t
72812,31875,t
70729,38959,t
74739,30938,t
63594,36719,t
72188,38125,t
22865,28750,t
21302,29740,t
74271,38490,t
65104,30313,t
81875,46928,t
67188,30938,t
71875,38021,t
68802,34219,t
111875,77656,t
69584,33490,t
69114,32187,t
67240,32291,t
69219,36198,t
68959,30417,t
93959,49687,t
64740,30938,t
80573,39895,t
78073,40312,t
81094,47552,t
85938,32187,t
10520,9635,t
74792,31354,t
86198,41823,t
78073,41563,t
76719,43281,t
74062,38073,t
73438,38750,t
67239,35312,t
72135,38542,t
66667,31875,t
74791,22292,t
88073,46927,t
80417,28958,t
85312,32396,t
86458,30053,t
78437,45052,t
9115,31094,t
77657,40156,t
79896,33490,t
73229,36458,t
129271,33855,t
13281,51458,v
52656,27343,v
56406,31250,v
70885,39740,v
89531,36354,v
70260,30886,v
60937,29010,v
79062,38646,v
69375,39115,v
54011,28594,v
55052,29375,v
57657,35313,v
64219,31614,v
74583,38854,v
62084,33125,v
49114,27187,v
63958,38750,v
65990,24063,v
64166,38490,v
75000,45208,v
63229,30520,v
61927,33906,v
52344,27708,v
64115,32187,v
53177,21562,v
69636,38177,v
56354,43385,v
73386,32344,v
96979,153594,v
22396,29270,v
79219,46354,v
64427,30365,v
54792,32761,v
50989,29114,v
61927,30260,v
54896,30000,v
69480,48333,v
69375,37500,v
52344,26823,v
31719,30000,v
65365,39115,v
72500,31927,v
62917,37917,v
64688,30416,v
84739,21979,v
143698,20886,v
10365,39531,v
20416,28750,v
9167,29844,v
63073,35105,v
69271,29480,v
78594,53646,v
53698,30990,v
72864,38489,v
81146,46198,v
63906,22083,v
78646,39427,v
73229,45208,v
63698,29166,v
70730,43177,v
65885,29896,v
123333,23802,v
66355,32969,v
52813,36042,v
51927,21562,v
57760,31615,v
23021,38750,v
88437,46094,v
84531,47083,v
69896,37448,v
67239,28125,v
67812,39323,v
56928,37968,v
67396,31459,v
71667,38593,v
66510,39479,v
66042,33959,v
69948,38333,v
63333,37657,v
65156,30521,v
68541,35260,v
61823,38334,v
64219,24062,v
82917,47969,v
68646,30730,v
58594,30104,v
55625,30209,v
65521,31302,v
62292,31927,v
62916,36354,v
68490,37083,v
63125,32239,v
52344,22864,v
67500,30677,v
67917,34114,v
64531,30468,v
64271,32656,v
66614,40365,v
67604,33854,v
64583,44896,v
79375,49375,v
60417,32552,v
73281,30520,v
74844,22656,v
59636,31510,v
63490,37917,v
70365,39218,v
65729,39114,v
71615,40000,v
69843,30417,v
69114,29740,v
61354,39010,v
23125,214844,v
69271,37604,v
67864,41927,v
75052,46406,v
67240,39480,v
60990,31979,v
69584,36927,v
70729,32552,v
69062,42552,v
70052,40521,v
66667,37500,v
63229,30312,v
69635,28698,v
71146,37656,v
72969,43594,v
63854,36041,v
66198,38593,v
71458,33229,v
68593,37656,v
67552,39271,v
70365,40521,v
69635,36250,v
72865,31354,v
70156,46823,v
75885,39636,v
69010,36980,v
71459,32291,v
73698,46771,v
69844,38958,v
73906,38229,v
77865,39896,v
70469,45104,v
10000,35834,v
80521,54584,v
70052,40156,v
68073,38542,v
74739,38541,v
70625,38438,v
113594,85677,v
73438,39948,v
69635,32032,v
66042,31354,v
74740,38542,v
64844,37656,v
76823,40677,v
65365,36250,v
66615,21719,v
63438,20729,v
69531,38385,v
62448,37084,v
70833,32240,v
66093,40833,v
72291,34375,v
71094,38229,v
69063,35781,v
86354,52136,v
70573,41146,v
75989,38281,v
82292,40260,v
23021,38802,v
77344,40417,v
55261,40052,v
66615,30937,v
76302,45677,v
71041,30417,v
73646,39323,v
72500,39427,v
73229,49687,v
71563,34635,v
62812,37448,v
79063,32084,v
13646,41615,v
64480,36198,v
69948,30677,v
71719,31198,v
65677,38021,v
9479,32604,v
72084,39271,v
9583,40000,v
66928,38281,v
68645,37396,v
73385,37083,x
69063,30885,x
89739,47083,x
63230,31510,x
64427,31459,x
16563,43281,x
65209,39688,x
70313,38073,x
68541,32396,x
73073,39635,x
81093,49792,x
65365,31145,x
63906,30156,x
76094,43333,x
93282,31875,x
62864,31146,x
57917,27813,x
62188,30468,x
64323,31718,x
73490,38906,x
73698,31562,x
91875,48489,x
62708,30521,x
72813,37865,x
68125,39166,x
57500,26667,x
61302,28802,x
62344,31614,x
61615,36979,x
72448,37032,x
65729,37604,x
80104,285208,x
47865,30312,x
55157,29531,x
67708,41198,x
71875,38021,x
65938,38958,x
48906,27239,x
49323,27188,x
55520,36771,x
68281,32917,x
95052,39323,x
74218,39010,x
21406,41875,x
68178,31562,x
64167,37135,x
22240,38750,x
104063,53333,x
62916,42969,x
58854,29167,x
64219,30521,x
61146,35990,x
56198,26458,x
22188,33281,x
9791,30104,x
63490,38281,x
74636,39167,x
73803,37917,x
74636,38750,x
21197,31250,x
73125,40313,x
71354,37500,x
24166,39218,x
77760,41459,x
64635,29740,x
68645,39531,x
76198,39687,x
64740,33750,x
61771,30625,x
60104,43698,x
64167,38386,x
65573,38177,x
103386,33021,x
61719,28646,x
72240,39791,x
65052,38438,x
56979,22708,x
69636,38542,x
76980,49010,x
62552,38698,x
63021,36875,x
76563,40312,x
59219,29844,x
91927,22448,x
69323,30625,x
89427,39583,x
92031,45364,x
102240,54375,x
69479,38802,x
74271,20000,x
78959,39948,x
62656,38542,x
102917,21927,x
68333,38959,x
68646,34739,x
56458,30625,x
71614,39167,x
101406,61614,x
78750,47604,x
67500,39687,x
74687,37864,x
76979,39740,x
64896,34791,x
11510,12760,x
9948,39011,x
84375,49896,x
55729,30625,x
96302,51042,x
69844,38854,x
76771,47500,x
79843,39844,x
81250,37240,x
85625,36615,x
75312,21771,x
105834,71407,x
66302,33385,x
80156,47552,x
78906,38750,x
73229,39531,x
72864,26354,x
76719,38802,x
89739,41146,x
73594,31718,x
73385,38542,x
60937,29740,x
67813,39583,x
78177,45469,x
84479,44635,x
10208,29270,x
116198,32917,x
72031,39583,x
73594,40209,x
72761,42395,x
73646,36562,x
93750,39844,x
76198,46302,x
62187,35781,x
74167,40156,x
68854,36302,x
78959,46562,x
125208,70312,x
61042,33750,x
78229,41093,x
87760,39427,x
74114,34740,x
87552,47709,x
64271,38646,x
78646,46302,x
70833,236667,x
66563,38490,x
64167,30885,x
82083,37604,x
70365,46094,x
81250,37760,x
68854,37605,x
70521,47761,x
77605,38125,x
86302,30782,x
76719,41458,x
63073,39063,x
22084,39167,x
72292,31563,x
68177,42083,x
70104,33594,x
75260,41094,x
168125,74948,x
65104,39166,x
74531,38854,x
77240,45208,x
92083,35781,x
71198,41303,x
71511,39688,x
73489,42188,x
72083,38541,x
95209,33698,x
89688,40157,x
79636,44427,x
23854,41718,x
69948,37500,x
68541,39635,x
71407,38177,x
71927,32083,x
73854,40208,x
73177,39532,x
67604,21250,x
74427,40625,x
86146,51042,x
91459,47240,x
75209,40052,x
73854,38906,x
81719,37917,x
74740,31406,y
78333,24062,y
66093,35104,y
67813,35000,y
80105,46094,y
73385,36875,y
71042,39166,y
69323,38229,y
72032,34948,y
84531,52240,y
80208,45364,y
62917,26666,y
24583,41459,y
82396,47708,y
73125,43854,y
68281,23489,y
78438,43542,y
72500,39948,y
178645,36198,y
22240,49948,y
62916,39010,y
61927,36042,y
69844,43386,y
81406,38594,y
84010,46979,y
72917,46927,y
59166,36093,y
69531,38541,y
41511,39010,y
74115,37708,y
82343,51875,y
84635,39375,y
76927,46406,y
70677,38073,y
78490,44011,y
76823,45156,y
89375,36979,y
102917,63334,y
81562,48333,y
68177,32968,y
78542,40260,y
83803,46615,y
82448,49896,y
61875,35782,y
90469,57864,y
72031,42813,y
17344,47187,y
65990,19115,y
71094,39323,y
71719,39375,y
75208,48177,y
95157,57396,y
96198,41719,y
69375,38646,y
82448,48698,y
82969,46511,y
75000,44583,y
141823,229167,y
98541,55938,y
78438,46094,y
72864,39740,y
65938,35938,y
89896,48229,y
78594,44375,y
78072,41303,y
79323,46094,y
77500,42813,y
69792,37084,y
74428,48177,y
114166,48802,y
87031,47761,y
74271,89635,y
79740,46042,y
65052,31459,y
75937,44636,y
73906,31094,y
76615,41719,y
82500,42708,y
70104,44740,y
69948,37761,y
68854,48333,y
71927,37656,y
77604,46979,y
69687,39427,y
85677,49531,y
70677,40990,y
81302,37240,y
76302,38907,y
61510,117292,y
80677,39167,y
67864,30417,y
73125,24636,y
70729,42813,y
68542,29323,y
65052,33958,y
89792,22656,y
11250,40625,y
166094,121770,y
86927,49844,y
149010,22396,y
88177,44635,y
80417,52656,y
125677,48750,y
98855,55521,y
92500,46458,y
78698,50781,y
104531,43646,y
115417,48229,y
86093,43333,y
91979,51563,y
16250,40677,y
103698,45573,y
85313,46458,y
89375,49844,y
83854,40729,y
89948,43594,y
139219,23698,y
87760,49115,y
25209,80573,y
76406,22605,y
82657,48177,y
87344,39479,y
87396,44532,y
82708,46302,y
86771,44636,y
83386,45261,y
77865,46042,y
82864,48594,y
87188,41302,y
11927,40781,y
75313,46250,y
85729,45781,y
92291,62291,y
88802,46302,y
79219,48229,y
76614,45990,y
88906,57084,y
90729,44271,y
94375,48333,y
131614,82344,y
97395,73698,y
105885,63803,y
94323,23854,y
96562,56562,y
80729,47032,y
80573,36927,y
95833,47291,y
104427,42448,y
95885,47812,y
86302,47813,y
85260,44843,y
86198,38438,y
81771,48072,y
98437,55677,y
82344,43750,y
80833,38802,y
82969,45625,y
81302,54688,y
81614,45520,y
82917,40625,y
88750,52083,y
83177,46823,y
96563,56510,y
87344,45000,y
75416,48646,y
90417,41302,y
80208,46198,y
141719,51354,y
95625,50365,y
67760,28281,y
85052,40625,y
91822,48855,y
78177,45625,y
75000,39896,y
78907,46667,y
25573,60104,y
99219,47136,y
82031,50104,y
84167,52917,y
90833,53437,y
86615,47188,y
78802,41719,y
69271,39635,y
90730,47136,y
74375,43177,y
84792,37656,y
82188,46146,y
84896,53282,y
94115,51302,y
82396,46458,y
82968,43437,y
87656,56198,y
81771,45677,y
44114,20730,z
64218,20156,z
56875,28906,z
99427,46250,z
64010,29167,z
33959,31146,z
56615,21927,z
56614,31354,z
54011,21615,z
61615,21614,z
58802,32396,z
53385,27083,z
57344,22292,z
60938,40052,z
13125,201719,z
55469,21406,z
67708,32448,z
62136,40573,z
68802,31823,z
67240,29479,z
48229,19843,z
23281,30261,z
10781,35782,z
49063,20104,z
55989,22240,z
65365,23125,z
52083,28697,z
59740,28333,z
11875,22865,z
61041,23958,z
62656,23698,z
33229,22812,z
59739,30416,z
49844,27917,z
20313,28594,z
63697,29740,z
60886,36198,z
61823,22656,z
67187,33750,z
58594,29948,z
66407,23750,z
61042,30782,z
62084,28854,z
82916,37292,z
58490,30938,z
52968,24479,z
67344,23698,z
23386,22083,z
64687,39114,z
69323,43073,z
59375,29740,z
62136,25312,z
56510,30990,z
64219,31250,z
43281,20000,z
58230,31823,z
65000,30573,z
98125,37083,z
11406,30938,z
47812,30521,z
53802,22239,z
56927,30052,z
63959,22500,z
52864,20261,z
57187,21718,z
135573,29167,z
59843,31197,z
49844,22813,z
12344,22032,z
68438,22813,z
51823,29531,z
52968,24896,z
58073,23802,z
64167,30208,z
71198,37604,z
48958,28802,z
10469,47761,z
65781,31093,z
61667,27760,z
56094,28802,z
78490,426667,z
87188,43438,z
65052,32448,z
56927,28386,z
11406,12240,z
64583,33594,z
51875,28281,z
55678,22552,z
57709,29687,z
55416,20886,z
63282,22656,z
56458,30938,z
68281,45156,z
65990,30416,z
68958,23750,z
64531,29896,z
59532,27239,z
68959,30885,z
56198,30521,z
64635,31510,z
64584,29740,z
59740,29895,z
62812,28645,z
59479,38541,z
59479,28072,z
52865,23125,z
56407,30625,z
93750,31823,z
70572,29062,z
57500,30468,z
27604,78489,z
61250,33802,z
62708,31094,z
65157,30209,z
54062,26719,z
57969,30417,z
70885,31406,z
64166,31667,z
62500,30625,z
80833,40208,z
67188,30834,z
60833,30261,z
64323,31823,z
57969,31458,z
65313,29427,z
55937,23230,z
62344,32969,z
64948,39114,z
66563,23386,z
63073,31719,z
65625,30208,z
61823,28907,z
66927,32916,z
63958,30469,z
60729,26979,z
54792,22239,z
62604,30677,z
58750,30886,z
58489,32083,z
93698,31823,z
75573,45209,z
62760,31927,z
64687,32084,z
67240,30364,z
69740,30573,z
74687,38959,z
64323,31823,z
66406,35625,z
67136,24010,z
67604,32083,z
77083,38750,z
52760,27968,z
66458,35834,z
78906,31927,z
68958,40729,z
66042,29375,z
67188,30000,z
68958,31927,z
69688,38437,z
87240,49271,z
78959,22552,z
9792,484479,z
74479,34115,z
68959,31510,z
64740,28385,z
60416,31667,z
64740,29635,z
69270,32292,z
64896,32344,z
69375,30989,z
64167,27917,z
80053,42760,z
62552,31927,z
70885,31719,z
56406,30365,z
61250,30937,z
55885,29271,z
70156,36354,z
59062,30521,z
64323,29687,z
63177,33802,z
88229,40781,z
57708,30938,z
66927,33177,z
63907,30104,z
83906,30989,z
57553,30573,z
58125,29531,z
56302,29740,z
59479,30937,z
